activity_id,start_time,end_time,date
778,10:43 AM,8:42 PM,10/29/2024
678,12:52 AM,5:38 PM,1/1/2024
480,3:32 AM,9:16 PM,7/18/2024
1027,6:42 AM,9:34 AM,8/3/2024
965,2:28 AM,5:36 AM,11/28/2024
529,12:15 AM,1:47 AM,8/27/2024
489,5:29 AM,10:17 PM,6/8/2024
787,5:34 AM,9:18 AM,7/15/2024
453,2:18 PM,5:03 PM,1/4/2024
518,8:29 AM,9:33 PM,2/20/2024
818,6:42 AM,6:32 AM,11/29/2024
1126,7:48 PM,8:00 PM,4/11/2024
738,9:16 PM,1:53 AM,12/16/2023
517,10:54 PM,3:24 AM,7/24/2024
1103,2:51 PM,4:24 PM,6/13/2024
846,6:51 PM,6:32 PM,3/13/2024
722,10:55 PM,2:49 AM,7/6/2024
688,6:15 AM,10:17 AM,7/17/2024
414,7:31 AM,3:48 AM,12/15/2023
800,2:12 AM,4:41 PM,3/13/2024
598,1:04 PM,6:58 PM,11/24/2024
1008,7:53 PM,5:57 AM,10/17/2024
775,10:48 AM,12:45 AM,4/22/2024
598,5:13 AM,4:14 AM,5/8/2024
627,3:30 AM,2:04 AM,4/4/2024
729,8:34 PM,6:43 AM,7/15/2024
968,1:42 PM,1:20 AM,7/21/2024
857,1:10 AM,12:15 PM,11/15/2024
463,7:38 PM,9:15 AM,9/24/2024
830,4:38 PM,1:13 AM,2/14/2024
816,10:49 AM,11:31 AM,6/29/2024
643,10:03 AM,12:06 AM,6/26/2024
1019,2:07 PM,11:49 PM,7/29/2024
612,3:25 PM,9:25 PM,3/10/2024
1025,10:58 AM,3:50 PM,5/5/2024
1065,7:03 AM,11:18 PM,9/10/2024
987,8:32 PM,6:11 PM,3/23/2024
557,10:32 AM,1:00 PM,2/11/2024
621,2:40 PM,7:07 PM,10/28/2024
434,6:03 PM,12:43 PM,11/3/2024
429,11:26 PM,1:26 AM,1/23/2024
842,4:38 PM,11:52 AM,12/24/2023
762,7:01 AM,8:01 AM,9/1/2024
592,5:01 PM,8:28 PM,8/14/2024
1001,3:32 PM,9:37 AM,7/16/2024
1115,8:43 PM,8:47 PM,12/17/2023
1111,12:36 PM,10:19 AM,3/16/2024
580,10:22 PM,7:36 AM,12/19/2023
719,8:59 AM,8:23 PM,11/30/2024
1117,8:02 AM,9:33 AM,3/31/2024
588,1:11 PM,2:18 PM,1/16/2024
450,2:59 PM,11:23 AM,1/8/2024
998,9:53 PM,11:36 AM,9/21/2024
451,5:59 AM,5:42 AM,8/9/2024
1062,9:32 AM,7:36 PM,11/25/2024
506,1:53 PM,12:15 PM,9/30/2024
1063,5:16 AM,11:30 PM,3/2/2024
508,10:45 PM,1:13 PM,9/15/2024
684,4:20 AM,10:07 AM,4/26/2024
1068,5:51 PM,8:11 AM,10/12/2024
493,1:26 PM,10:59 AM,5/14/2024
571,6:44 AM,3:59 PM,6/25/2024
688,8:46 AM,5:12 PM,1/16/2024
515,6:34 PM,3:35 AM,7/28/2024
968,6:38 PM,8:02 PM,5/13/2024
1047,9:38 AM,3:21 AM,5/8/2024
688,9:29 AM,11:29 PM,9/13/2024
740,1:55 PM,8:27 AM,6/11/2024
476,4:40 PM,4:07 PM,4/7/2024
575,1:11 AM,2:17 AM,3/16/2024
947,10:09 AM,10:58 AM,1/15/2024
736,2:35 PM,8:56 PM,11/24/2024
683,2:35 AM,10:06 PM,1/13/2024
722,1:13 PM,4:53 PM,12/19/2023
610,1:05 PM,11:02 PM,10/24/2024
761,2:33 AM,4:41 AM,2/9/2024
998,3:33 PM,3:13 PM,3/28/2024
1056,4:22 PM,12:57 AM,7/28/2024
912,5:22 PM,12:13 AM,5/17/2024
494,3:12 PM,11:12 PM,2/29/2024
935,5:32 PM,2:26 AM,3/16/2024
576,10:47 PM,4:10 AM,6/13/2024
923,6:02 PM,2:22 AM,6/25/2024
942,5:08 AM,1:19 AM,4/29/2024
852,12:13 AM,11:16 AM,5/29/2024
1065,3:04 AM,4:15 AM,12/28/2023
735,11:57 AM,9:49 AM,11/6/2024
1026,8:56 AM,5:57 AM,7/30/2024
935,3:14 AM,12:17 AM,8/2/2024
649,6:23 PM,12:16 PM,11/11/2024
704,8:14 AM,3:51 PM,8/18/2024
651,8:20 PM,11:34 AM,12/6/2024
1035,2:39 AM,6:06 PM,8/7/2024
998,8:52 AM,1:06 PM,5/1/2024
1032,3:23 AM,8:50 AM,4/3/2024
443,4:08 PM,10:58 PM,7/20/2024
1043,6:22 PM,4:42 PM,6/8/2024
655,12:08 AM,5:03 AM,10/26/2024
668,5:18 AM,12:22 AM,6/22/2024
854,11:11 PM,9:11 AM,7/31/2024
420,11:47 PM,6:57 AM,5/15/2024
528,3:18 PM,4:27 AM,4/18/2024
864,10:35 PM,6:09 PM,10/31/2024
546,5:35 AM,3:24 AM,9/9/2024
746,11:31 PM,12:00 AM,1/22/2024
416,7:25 AM,5:20 AM,7/2/2024
493,2:10 PM,4:07 AM,12/21/2023
1095,2:01 PM,9:40 AM,9/5/2024
963,3:01 AM,9:57 AM,2/13/2024
530,9:21 AM,11:12 PM,10/9/2024
977,9:20 AM,9:38 AM,9/20/2024
1003,3:06 AM,4:38 PM,8/25/2024
408,7:03 AM,6:24 AM,5/29/2024
496,2:16 AM,11:36 PM,8/8/2024
584,9:37 PM,6:32 AM,9/18/2024
435,9:33 AM,5:18 PM,8/10/2024
866,8:25 AM,3:12 AM,1/19/2024
953,11:18 PM,10:28 PM,4/5/2024
563,5:11 PM,4:35 PM,9/21/2024
1080,6:16 PM,11:38 PM,12/14/2023
682,6:51 PM,2:37 AM,4/12/2024
899,5:32 PM,6:10 AM,1/19/2024
730,10:55 PM,12:44 PM,12/30/2023
505,10:39 PM,1:32 AM,8/15/2024
565,1:05 AM,7:36 PM,3/25/2024
1117,10:03 AM,11:55 AM,3/7/2024
1078,11:17 PM,6:12 AM,12/23/2023
940,3:43 PM,2:45 AM,6/22/2024
862,5:04 AM,6:48 AM,7/18/2024
680,2:34 PM,6:18 PM,3/17/2024
1090,7:06 PM,9:55 AM,1/30/2024
1054,2:15 AM,2:51 PM,4/19/2024
904,6:01 AM,3:42 AM,11/26/2024
838,7:35 AM,5:01 PM,9/7/2024
735,11:44 AM,7:15 AM,11/28/2024
441,1:34 PM,3:00 AM,7/22/2024
1095,11:03 PM,5:06 AM,10/8/2024
525,8:53 PM,1:21 AM,8/2/2024
1110,3:12 AM,12:02 PM,8/18/2024
965,7:16 AM,8:36 AM,3/2/2024
1035,11:36 PM,10:37 PM,4/15/2024
1016,5:30 AM,5:18 PM,5/5/2024
462,2:40 PM,3:39 AM,10/4/2024
459,10:03 AM,7:14 PM,7/12/2024
509,9:56 PM,12:58 PM,7/16/2024
1002,7:50 AM,9:02 PM,3/13/2024
542,10:30 AM,2:31 AM,5/31/2024
475,3:53 PM,3:59 AM,5/11/2024
485,6:47 AM,8:08 PM,12/11/2024
1107,11:54 PM,10:04 PM,10/4/2024
904,12:53 PM,4:04 PM,4/26/2024
999,11:28 AM,9:26 PM,7/4/2024
622,11:02 AM,7:00 PM,5/22/2024
817,7:28 PM,11:06 AM,1/23/2024
1014,4:30 PM,10:57 AM,12/11/2024
1061,1:57 AM,9:07 AM,7/22/2024
826,6:15 PM,1:38 PM,7/18/2024
1032,9:01 PM,11:41 AM,4/21/2024
915,2:26 PM,8:30 AM,7/3/2024
936,3:50 PM,3:19 PM,11/26/2024
725,1:23 PM,9:40 AM,11/15/2024
936,11:17 AM,12:24 PM,8/18/2024
456,6:20 AM,7:41 PM,8/10/2024
916,2:34 PM,10:24 PM,6/7/2024
1088,5:18 PM,2:58 PM,12/10/2024
990,10:33 PM,1:35 PM,5/28/2024
745,1:35 PM,3:48 AM,12/25/2023
830,2:54 AM,7:12 PM,12/11/2024
539,7:53 PM,5:46 PM,9/4/2024
1041,1:51 PM,8:17 PM,8/2/2024
581,3:19 AM,6:26 PM,9/17/2024
1050,4:16 PM,6:30 AM,6/11/2024
508,6:28 AM,7:39 PM,3/28/2024
471,9:14 AM,6:36 AM,12/18/2023
567,10:20 AM,8:17 PM,8/7/2024
662,7:20 PM,1:37 PM,2/4/2024
647,3:54 AM,8:11 AM,6/30/2024
849,1:04 AM,8:29 PM,4/8/2024
841,9:27 AM,3:11 PM,4/4/2024
921,8:15 PM,5:12 AM,7/12/2024
751,11:37 PM,11:04 AM,3/22/2024
676,9:33 AM,7:07 AM,11/19/2024
559,2:09 PM,3:01 AM,11/20/2024
508,4:47 AM,8:43 AM,11/21/2024
712,9:26 AM,6:34 AM,2/19/2024
553,3:01 AM,4:10 PM,12/2/2024
684,8:13 PM,10:32 PM,7/1/2024
474,11:58 PM,2:12 PM,10/12/2024
919,6:16 PM,10:18 AM,8/11/2024
1100,1:34 AM,8:49 AM,12/31/2023
829,4:36 PM,10:17 AM,10/3/2024
666,6:23 AM,2:02 PM,7/31/2024
752,2:12 AM,5:59 PM,3/25/2024
893,10:26 PM,7:08 PM,1/30/2024
627,2:41 PM,11:58 PM,3/6/2024
1084,9:06 AM,5:43 PM,7/13/2024
1085,11:18 PM,9:59 PM,7/5/2024
963,12:45 AM,12:36 AM,8/27/2024
566,2:21 AM,10:43 AM,12/23/2023
868,2:53 PM,10:35 AM,1/10/2024
668,9:36 PM,8:10 AM,7/31/2024
786,8:41 AM,10:30 AM,3/5/2024
706,11:55 PM,1:42 AM,5/4/2024
943,8:28 PM,8:17 AM,6/6/2024
681,1:12 AM,5:18 PM,3/17/2024
906,10:29 AM,11:26 AM,1/2/2024
842,12:37 AM,4:38 AM,1/17/2024
936,11:58 PM,1:31 PM,5/16/2024
1111,8:54 PM,3:19 AM,3/31/2024
540,11:45 PM,8:26 AM,7/13/2024
464,11:48 AM,3:23 AM,10/24/2024
509,11:18 AM,4:19 AM,9/15/2024
1120,1:03 AM,6:38 AM,4/19/2024
1126,8:55 AM,2:49 AM,7/29/2024
586,6:07 PM,9:55 PM,7/22/2024
901,4:30 PM,11:21 PM,3/8/2024
453,2:38 PM,11:46 AM,8/29/2024
734,2:03 AM,3:51 AM,10/5/2024
1011,8:51 PM,9:19 PM,8/27/2024
677,1:44 PM,6:50 PM,8/10/2024
661,3:20 AM,8:23 AM,7/16/2024
873,7:20 AM,6:44 PM,11/20/2024
694,3:45 AM,10:33 PM,3/13/2024
938,8:20 PM,5:48 PM,2/15/2024
636,11:57 AM,10:37 PM,5/22/2024
770,10:14 AM,1:26 AM,3/3/2024
955,5:24 PM,9:50 AM,7/5/2024
420,6:28 PM,4:45 PM,8/27/2024
530,2:05 PM,5:43 AM,12/18/2023
1067,7:51 PM,9:14 AM,5/5/2024
747,2:16 AM,6:23 PM,7/9/2024
1098,2:06 PM,5:04 AM,1/19/2024
929,9:56 PM,4:43 AM,1/8/2024
713,10:37 AM,6:19 AM,3/25/2024
901,5:57 PM,11:25 PM,12/27/2023
796,11:21 PM,10:39 AM,3/10/2024
828,10:42 AM,11:04 AM,6/24/2024
468,3:42 AM,10:13 PM,5/18/2024
867,7:25 AM,11:14 AM,3/26/2024
811,2:51 PM,10:29 PM,2/4/2024
610,10:54 PM,8:44 PM,10/11/2024
865,11:43 PM,6:22 PM,12/27/2023
465,12:53 PM,11:45 AM,11/4/2024
540,4:13 PM,11:29 PM,7/28/2024
420,8:54 AM,6:48 AM,6/12/2024
454,12:39 PM,3:24 AM,10/30/2024
683,8:29 AM,11:33 AM,7/8/2024
485,7:59 AM,7:15 PM,6/9/2024
712,7:52 AM,5:58 PM,2/4/2024
565,2:58 AM,1:38 PM,12/27/2023
451,11:21 AM,4:40 AM,4/6/2024
510,2:06 AM,4:41 PM,8/27/2024
853,3:58 PM,10:17 AM,2/18/2024
451,1:52 PM,7:40 AM,8/15/2024
811,3:42 AM,2:51 AM,5/9/2024
1085,6:23 AM,10:24 PM,7/4/2024
1056,1:25 PM,7:36 PM,7/19/2024
878,6:55 PM,8:40 PM,7/30/2024
1036,4:28 PM,8:58 AM,5/7/2024
571,7:46 AM,8:11 AM,4/19/2024
1015,11:25 PM,1:28 AM,12/26/2023
1049,6:14 AM,4:43 AM,8/31/2024
899,5:30 AM,4:18 AM,2/8/2024
777,4:51 PM,8:47 AM,4/26/2024
993,9:39 PM,9:23 AM,11/15/2024
950,2:40 AM,9:42 PM,11/19/2024
1048,12:45 PM,11:06 AM,5/13/2024
492,10:13 AM,6:20 AM,4/14/2024
1105,11:00 AM,2:27 AM,8/2/2024
731,12:49 AM,1:20 PM,8/27/2024
1044,12:14 AM,12:56 AM,3/30/2024
850,7:09 PM,9:18 AM,7/20/2024
951,5:22 AM,4:21 PM,5/8/2024
778,6:37 AM,5:41 AM,8/5/2024
1095,6:56 PM,12:03 PM,11/2/2024
470,7:44 PM,11:55 AM,2/3/2024
840,7:57 AM,4:29 AM,7/14/2024
1059,10:01 PM,12:06 PM,1/28/2024
917,8:42 AM,6:51 AM,3/1/2024
694,11:44 PM,11:02 PM,9/16/2024
407,1:58 PM,11:13 PM,10/9/2024
947,10:10 AM,1:50 AM,3/26/2024
924,2:41 AM,4:39 AM,6/23/2024
585,11:43 PM,1:23 AM,3/15/2024
716,10:52 AM,7:42 AM,4/26/2024
883,6:30 AM,9:04 AM,12/14/2023
1077,11:14 PM,2:37 AM,9/15/2024
550,9:19 AM,10:30 AM,1/5/2024
559,4:55 AM,10:41 PM,7/28/2024
751,3:03 AM,7:07 AM,11/7/2024
473,4:27 PM,9:16 AM,7/14/2024
882,4:23 AM,5:03 PM,11/10/2024
436,6:00 PM,1:05 AM,9/15/2024
467,11:55 PM,12:08 PM,6/18/2024
860,4:41 PM,4:09 PM,9/18/2024
457,12:44 PM,10:16 PM,8/9/2024
1112,11:27 AM,4:47 PM,3/8/2024
1002,7:15 AM,5:43 PM,1/7/2024
1019,3:45 PM,6:53 AM,6/27/2024
544,12:03 AM,11:47 PM,1/25/2024
944,5:19 PM,2:11 PM,6/16/2024
532,6:24 AM,7:08 AM,5/21/2024
598,4:11 PM,8:34 AM,11/27/2024
592,3:45 PM,5:43 PM,10/5/2024
827,2:08 PM,7:28 PM,12/14/2023
1011,3:46 PM,6:55 PM,2/13/2024
583,7:00 PM,7:00 PM,6/4/2024
912,8:49 PM,11:34 AM,2/4/2024
1033,11:33 AM,2:58 PM,9/4/2024
535,5:13 PM,1:29 PM,1/23/2024
479,10:21 AM,1:26 PM,6/10/2024
555,5:43 AM,3:57 PM,6/9/2024
1110,3:07 AM,10:13 AM,1/25/2024
988,1:12 PM,12:15 AM,4/3/2024
757,12:11 PM,6:59 PM,8/16/2024
403,10:29 PM,12:15 AM,12/6/2024
976,3:08 AM,8:15 PM,6/16/2024
499,8:17 AM,11:39 PM,11/20/2024
835,6:11 AM,10:23 PM,8/30/2024
964,8:36 AM,9:12 PM,9/25/2024
452,7:02 AM,2:02 AM,8/31/2024
514,12:09 AM,2:48 PM,8/19/2024
1085,4:48 PM,6:00 AM,7/18/2024
687,1:53 PM,3:45 AM,10/31/2024
991,2:18 AM,1:29 PM,3/1/2024
547,10:29 PM,1:45 PM,7/11/2024
1091,9:47 PM,2:12 PM,11/17/2024
1080,2:51 AM,10:20 AM,6/26/2024
407,4:00 AM,11:26 PM,4/2/2024
984,4:13 PM,2:43 AM,9/26/2024
475,6:27 PM,10:35 AM,11/9/2024
968,10:34 PM,7:15 AM,5/20/2024
865,12:03 PM,4:39 PM,1/4/2024
948,3:21 AM,2:52 PM,10/20/2024
580,2:14 PM,10:09 PM,6/28/2024
433,2:05 AM,1:17 PM,11/8/2024
880,8:23 AM,12:40 AM,1/15/2024
1012,2:38 AM,9:57 PM,1/15/2024
823,10:32 AM,12:14 AM,12/21/2023
609,7:45 AM,1:12 PM,2/9/2024
781,4:09 AM,11:40 PM,11/26/2024
1070,4:58 AM,6:34 PM,5/31/2024
964,6:37 AM,11:34 PM,8/16/2024
548,5:05 PM,10:28 PM,1/28/2024
751,11:35 PM,6:11 PM,9/8/2024
1011,3:58 AM,7:29 PM,9/14/2024
502,1:51 PM,3:02 PM,1/3/2024
920,11:13 PM,4:53 PM,10/4/2024
483,10:07 AM,12:59 PM,9/6/2024
460,11:12 PM,7:20 PM,5/22/2024
456,10:34 AM,4:07 PM,12/29/2023
506,5:18 PM,4:58 AM,11/1/2024
1096,1:40 PM,1:05 PM,3/10/2024
872,8:02 AM,6:16 AM,12/17/2023
616,11:07 AM,12:57 PM,5/28/2024
427,1:34 PM,4:58 AM,7/19/2024
763,6:59 PM,8:52 AM,1/4/2024
689,8:00 PM,8:42 PM,9/30/2024
824,3:08 AM,9:18 AM,9/29/2024
754,1:23 AM,5:02 PM,10/19/2024
1013,2:26 AM,9:52 AM,1/21/2024
933,3:16 AM,9:09 AM,6/2/2024
645,6:18 AM,2:20 PM,7/5/2024
1066,12:19 PM,5:25 AM,3/17/2024
756,2:14 PM,5:47 PM,5/17/2024
641,8:59 AM,3:48 PM,4/11/2024
1015,12:52 AM,7:06 PM,2/16/2024
1015,7:39 AM,5:50 AM,12/7/2024
868,7:42 AM,8:10 PM,3/2/2024
1083,3:26 AM,6:03 AM,3/16/2024
602,9:05 AM,9:13 AM,9/3/2024
539,9:58 AM,2:33 PM,4/25/2024
932,3:02 PM,8:09 AM,11/24/2024
782,11:00 AM,2:07 AM,2/18/2024
1070,4:31 AM,7:33 PM,10/10/2024
554,8:32 AM,7:13 PM,4/22/2024
989,10:28 AM,3:50 PM,1/23/2024
859,12:07 PM,6:36 AM,9/26/2024
950,6:49 AM,6:32 PM,4/6/2024
1069,4:48 PM,9:51 PM,9/8/2024
585,5:53 PM,9:41 PM,4/10/2024
480,3:51 PM,9:19 PM,5/13/2024
965,5:19 PM,6:44 PM,6/25/2024
751,7:24 AM,8:44 PM,3/31/2024
814,12:57 AM,7:56 AM,6/2/2024
817,7:10 PM,7:49 PM,11/4/2024
547,12:48 PM,12:15 AM,3/31/2024
777,4:59 PM,5:29 AM,10/29/2024
463,2:58 PM,12:52 PM,3/6/2024
551,12:31 AM,11:20 PM,8/19/2024
1089,10:59 AM,1:04 PM,9/28/2024
782,7:31 PM,8:15 AM,12/16/2023
487,7:18 AM,10:26 PM,2/19/2024
708,4:57 AM,12:06 AM,2/8/2024
966,6:57 AM,2:56 PM,2/17/2024
427,12:12 AM,12:14 AM,7/20/2024
957,1:08 PM,8:19 AM,3/3/2024
402,9:34 PM,6:56 AM,3/12/2024
992,7:03 AM,10:41 AM,2/12/2024
757,6:49 AM,5:50 AM,5/13/2024
570,2:59 PM,6:05 PM,4/19/2024
1058,1:29 AM,1:09 AM,5/9/2024
523,9:12 AM,7:21 AM,11/15/2024
960,6:39 AM,7:25 AM,4/13/2024
1081,5:29 PM,4:22 PM,8/31/2024
568,5:16 PM,4:46 AM,5/14/2024
1098,1:45 AM,6:38 AM,11/15/2024
761,5:22 AM,6:48 PM,4/4/2024
842,9:38 PM,9:23 AM,7/27/2024
871,12:30 PM,6:42 AM,11/26/2024
1066,6:46 PM,8:36 PM,4/24/2024
882,7:53 PM,8:32 AM,9/24/2024
644,4:15 AM,6:27 AM,8/7/2024
580,5:09 AM,3:48 AM,12/28/2023
655,2:46 AM,2:49 AM,9/11/2024
588,6:21 AM,12:59 PM,12/22/2023
671,10:02 AM,9:57 AM,4/17/2024
710,8:46 AM,6:32 PM,1/20/2024
768,10:57 PM,9:07 PM,5/12/2024
972,10:52 PM,8:01 PM,8/18/2024
1026,4:31 PM,7:41 PM,11/21/2024
912,2:15 PM,6:35 AM,11/3/2024
501,4:30 PM,7:19 AM,8/15/2024
428,5:17 AM,8:57 AM,3/27/2024
453,10:24 PM,5:21 AM,3/2/2024
998,12:49 PM,9:35 PM,6/26/2024
539,10:53 AM,9:40 AM,11/25/2024
513,10:44 AM,9:22 AM,1/31/2024
770,12:10 AM,5:31 AM,4/19/2024
585,6:36 AM,12:49 AM,4/15/2024
1031,7:50 PM,10:14 AM,4/28/2024
463,12:09 PM,9:54 AM,3/5/2024
1124,9:55 PM,10:21 AM,10/8/2024
438,3:21 PM,5:29 PM,11/9/2024
725,5:48 AM,2:34 PM,10/25/2024
665,8:32 AM,4:38 PM,11/8/2024
610,9:24 PM,4:54 PM,1/25/2024
505,6:01 PM,6:40 PM,12/1/2024
560,12:57 AM,6:56 PM,12/29/2023
1080,9:30 AM,11:36 AM,11/5/2024
633,8:06 PM,1:52 AM,4/22/2024
525,8:35 AM,2:08 PM,9/15/2024
729,2:36 AM,8:56 PM,5/1/2024
510,5:06 AM,9:28 AM,2/16/2024
654,2:38 PM,4:50 AM,10/7/2024
636,5:55 PM,12:31 AM,10/25/2024
552,2:04 AM,4:42 PM,8/3/2024
894,9:47 AM,9:48 PM,2/24/2024
961,6:59 PM,7:40 AM,10/2/2024
644,7:02 PM,10:41 AM,12/16/2023
1028,7:08 AM,2:13 PM,3/31/2024
690,8:06 AM,11:07 AM,9/25/2024
987,8:26 AM,9:00 AM,6/11/2024
1039,10:57 AM,4:48 PM,1/31/2024
741,2:28 PM,3:44 PM,12/8/2024
629,11:54 PM,3:08 AM,11/26/2024
487,4:40 AM,10:35 AM,10/25/2024
810,10:44 PM,2:28 AM,10/27/2024
967,7:43 AM,7:40 PM,7/8/2024
634,12:41 AM,6:11 PM,7/18/2024
806,1:29 PM,8:37 AM,1/10/2024
990,5:50 AM,8:48 AM,7/7/2024
938,10:55 AM,9:45 PM,12/9/2024
949,11:31 PM,3:54 PM,7/24/2024
506,9:24 AM,10:37 PM,6/17/2024
411,7:06 PM,6:46 AM,2/13/2024
527,5:06 PM,8:37 PM,1/21/2024
517,9:15 PM,6:51 AM,2/22/2024
473,2:43 AM,4:02 AM,5/6/2024
853,4:25 AM,8:12 PM,3/10/2024
767,5:39 PM,5:42 PM,8/21/2024
536,7:03 PM,2:06 AM,11/2/2024
960,4:31 PM,6:55 PM,3/7/2024
964,11:52 PM,6:51 AM,11/25/2024
963,12:41 AM,10:28 PM,8/27/2024
751,8:54 PM,4:32 AM,7/12/2024
881,10:05 AM,7:52 AM,7/31/2024
678,8:11 PM,7:03 PM,5/14/2024
917,3:10 AM,4:35 AM,2/25/2024
557,5:33 PM,2:35 PM,5/31/2024
503,1:57 AM,6:24 AM,12/6/2024
895,8:28 AM,12:37 AM,9/23/2024
857,9:13 AM,2:37 PM,2/20/2024
416,7:51 AM,6:58 AM,11/26/2024
442,9:01 AM,11:19 AM,7/31/2024
597,2:31 AM,6:04 AM,2/9/2024
643,5:39 AM,8:19 PM,6/18/2024
1035,11:45 AM,5:02 PM,10/9/2024
512,4:11 PM,6:45 PM,6/1/2024
779,6:04 AM,12:24 PM,10/12/2024
961,2:42 PM,3:38 AM,7/18/2024
995,7:18 PM,11:13 AM,8/21/2024
1037,11:33 AM,8:13 PM,8/1/2024
634,5:13 AM,4:45 AM,5/27/2024
523,4:13 AM,4:53 PM,2/13/2024
830,3:21 PM,9:54 PM,1/7/2024
1022,2:52 PM,3:10 AM,3/19/2024
730,10:54 AM,5:53 PM,8/30/2024
475,2:43 PM,11:52 AM,6/26/2024
931,5:46 AM,12:41 PM,3/27/2024
1015,7:10 PM,12:10 PM,5/7/2024
876,4:41 AM,3:12 PM,1/28/2024
757,6:11 PM,3:36 AM,5/11/2024
644,2:14 AM,10:19 AM,10/6/2024
980,6:17 PM,11:28 PM,3/2/2024
614,6:35 AM,12:38 AM,12/11/2024
1043,12:45 AM,9:27 AM,5/3/2024
455,2:29 PM,2:16 AM,4/29/2024
815,12:17 PM,6:01 AM,2/26/2024
544,11:26 AM,7:37 PM,10/22/2024
961,7:48 AM,2:04 AM,10/21/2024
1111,1:12 PM,6:55 AM,11/28/2024
756,1:11 AM,1:58 PM,6/22/2024
947,12:50 PM,8:19 AM,6/6/2024
1053,12:05 PM,2:19 AM,6/14/2024
922,12:42 AM,6:55 PM,3/19/2024
1114,6:44 PM,5:30 PM,8/31/2024
791,8:22 PM,3:48 PM,2/25/2024
656,3:24 AM,11:50 PM,6/14/2024
487,11:20 AM,2:11 AM,4/25/2024
653,6:04 AM,11:52 AM,6/20/2024
513,9:46 PM,3:41 PM,9/21/2024
630,3:55 PM,8:49 PM,12/22/2023
458,10:58 PM,3:19 PM,2/17/2024
818,8:50 PM,2:53 PM,8/11/2024
592,10:35 PM,1:09 PM,6/2/2024
952,6:37 PM,9:39 PM,9/18/2024
1094,2:53 AM,9:02 AM,5/21/2024
582,8:40 AM,6:58 AM,11/2/2024
823,6:40 AM,5:03 AM,2/20/2024
728,11:30 AM,2:39 PM,1/15/2024
818,6:30 AM,11:12 AM,8/25/2024
1066,9:58 PM,7:21 PM,6/10/2024
814,7:56 PM,8:12 PM,10/29/2024
786,4:47 AM,1:25 AM,2/29/2024
570,11:41 AM,10:31 PM,12/12/2023
635,12:58 PM,5:46 AM,6/18/2024
859,3:23 PM,12:32 PM,9/20/2024
484,10:42 PM,8:23 PM,12/13/2023
1107,8:37 AM,6:57 AM,8/9/2024
401,6:32 AM,11:27 AM,8/27/2024
404,2:22 AM,11:55 PM,7/21/2024
1070,2:18 AM,8:44 AM,6/16/2024
754,8:51 AM,12:18 AM,10/20/2024
919,3:38 PM,1:50 AM,8/6/2024
950,3:00 PM,2:55 PM,5/7/2024
890,4:13 AM,7:04 AM,8/15/2024
1065,9:06 AM,12:27 AM,4/15/2024
873,6:38 AM,9:58 AM,5/30/2024
428,12:36 AM,9:44 PM,4/25/2024
527,6:11 AM,10:32 AM,2/18/2024
465,5:19 PM,7:59 PM,10/1/2024
426,11:10 AM,10:59 PM,12/23/2023
789,3:52 AM,5:34 AM,9/25/2024
1030,11:37 AM,7:55 AM,9/16/2024
811,5:35 AM,2:52 AM,1/6/2024
455,6:13 PM,10:08 PM,2/8/2024
775,2:15 AM,5:20 PM,1/22/2024
536,9:52 AM,8:09 AM,5/11/2024
858,4:07 PM,10:36 PM,5/5/2024
737,2:52 PM,7:28 PM,3/26/2024
535,12:28 PM,5:20 AM,11/21/2024
860,12:27 AM,12:35 AM,4/5/2024
575,2:25 AM,12:49 PM,6/28/2024
666,4:05 PM,5:13 AM,12/26/2023
961,5:35 AM,12:29 PM,5/5/2024
692,12:16 AM,6:19 PM,12/13/2023
1036,10:05 PM,7:09 PM,6/13/2024
766,11:00 PM,9:36 PM,11/14/2024
443,8:19 PM,5:01 PM,4/10/2024
995,10:01 PM,12:45 PM,3/20/2024
1045,11:27 PM,6:51 PM,5/4/2024
868,2:17 AM,12:49 AM,9/1/2024
768,1:38 PM,5:47 AM,9/17/2024
421,5:17 AM,8:39 PM,6/21/2024
705,5:25 AM,11:50 AM,3/14/2024
884,2:11 AM,7:56 PM,7/23/2024
1089,4:12 AM,5:43 PM,11/13/2024
862,10:44 PM,9:07 AM,12/9/2024
938,3:41 PM,3:42 AM,5/8/2024
1061,5:43 AM,11:07 PM,11/11/2024
762,4:03 AM,4:49 AM,2/16/2024
1016,2:13 AM,9:37 AM,3/10/2024
993,2:21 PM,5:37 AM,1/7/2024
614,6:12 PM,1:04 PM,5/16/2024
598,3:01 AM,10:51 AM,11/17/2024
1026,8:54 AM,4:54 AM,1/17/2024
617,8:14 AM,2:48 PM,6/25/2024
901,7:18 AM,4:32 PM,11/3/2024
1010,3:04 AM,1:32 AM,4/14/2024
454,4:24 AM,11:02 AM,6/12/2024
831,12:37 PM,6:16 AM,7/13/2024
503,7:55 PM,4:04 PM,4/4/2024
555,11:46 AM,5:42 PM,10/11/2024
1001,7:27 AM,10:24 AM,2/18/2024
1092,4:53 PM,9:44 AM,10/6/2024
1061,12:09 AM,8:14 PM,5/10/2024
907,6:30 AM,9:51 PM,4/19/2024
427,4:23 AM,11:00 PM,8/8/2024
921,8:24 PM,3:00 AM,8/8/2024
777,1:16 AM,12:14 AM,3/24/2024
871,9:29 AM,1:09 PM,12/20/2023
1050,11:12 PM,10:21 PM,1/31/2024
564,1:33 PM,3:24 PM,9/20/2024
945,7:01 PM,5:31 PM,7/28/2024
1122,1:58 PM,8:19 AM,9/14/2024
945,7:58 PM,11:18 AM,6/15/2024
866,8:39 AM,11:43 PM,10/12/2024
588,7:35 AM,11:15 PM,6/26/2024
1036,5:14 PM,8:48 PM,11/7/2024
597,11:41 AM,2:27 AM,6/17/2024
614,2:13 PM,8:53 PM,11/10/2024
734,1:46 PM,9:27 PM,6/6/2024
916,12:10 AM,9:52 PM,4/8/2024
504,11:36 PM,10:52 AM,9/11/2024
683,9:48 AM,12:36 PM,7/3/2024
841,9:29 AM,12:48 PM,4/14/2024
553,5:26 AM,12:59 AM,7/2/2024
912,1:23 PM,5:36 PM,9/3/2024
713,6:27 PM,5:47 PM,9/13/2024
594,2:05 PM,8:07 AM,12/25/2023
670,11:02 AM,3:24 PM,10/17/2024
629,11:28 AM,8:33 PM,12/16/2023
1091,10:54 AM,2:45 AM,8/1/2024
1086,2:50 AM,2:21 PM,8/2/2024
703,7:33 PM,10:33 AM,4/14/2024
463,11:35 PM,2:17 AM,10/5/2024
1064,3:06 AM,2:11 PM,6/14/2024
588,9:54 PM,11:52 PM,4/23/2024
801,12:05 PM,1:16 AM,6/21/2024
1097,4:52 PM,3:02 AM,10/23/2024
574,10:20 AM,3:07 AM,12/11/2024
1039,7:16 AM,10:06 PM,7/6/2024
1054,9:58 PM,12:25 AM,7/18/2024
1058,6:09 AM,2:55 AM,2/17/2024
522,11:41 PM,6:16 PM,9/1/2024
546,1:46 AM,9:27 PM,10/31/2024
873,12:55 PM,5:59 AM,8/1/2024
713,9:39 PM,2:36 PM,11/23/2024
978,6:04 AM,4:53 AM,6/26/2024
557,8:29 PM,3:02 AM,8/11/2024
940,9:31 AM,4:07 AM,7/25/2024
1005,3:05 PM,10:02 PM,7/14/2024
945,4:55 PM,9:56 AM,8/10/2024
800,4:16 AM,7:15 PM,7/14/2024
679,1:45 AM,11:28 PM,3/11/2024
484,4:09 PM,8:50 PM,11/10/2024
987,6:50 AM,12:42 PM,1/4/2024
580,9:08 AM,4:54 PM,11/21/2024
1113,2:03 AM,12:05 PM,10/30/2024
472,5:54 PM,10:28 PM,5/22/2024
614,5:52 AM,12:23 AM,4/1/2024
762,3:23 AM,12:03 PM,3/1/2024
1076,11:24 AM,10:59 PM,6/21/2024
524,5:05 AM,2:33 PM,10/7/2024
471,9:55 PM,3:22 PM,7/12/2024
720,12:28 AM,9:25 PM,2/8/2024
1100,2:08 AM,11:09 AM,8/9/2024
888,10:43 AM,10:23 PM,12/23/2023
1123,1:46 AM,11:07 PM,6/29/2024
938,12:59 PM,3:13 PM,9/15/2024
715,11:37 AM,6:57 AM,4/19/2024
846,12:42 AM,6:49 PM,7/2/2024
790,10:40 PM,1:48 PM,8/18/2024
957,12:38 AM,3:56 AM,10/12/2024
662,1:47 PM,5:59 PM,10/30/2024
545,9:40 AM,10:35 AM,2/8/2024
971,2:40 AM,4:12 PM,6/25/2024
1051,4:04 PM,11:03 AM,7/27/2024
686,10:00 AM,11:09 PM,10/1/2024
1060,12:13 AM,4:16 PM,10/26/2024
845,5:22 AM,7:25 PM,7/6/2024
1040,1:11 AM,11:05 PM,3/2/2024
773,6:40 AM,10:14 AM,11/4/2024
1097,9:23 PM,7:52 AM,8/7/2024
834,2:55 PM,5:32 AM,6/30/2024
941,6:30 PM,12:54 AM,4/30/2024
866,10:20 PM,11:46 PM,12/22/2023
1058,2:58 PM,2:59 AM,9/28/2024
544,5:55 PM,8:08 AM,5/1/2024
606,12:56 AM,3:14 PM,4/20/2024
543,1:51 AM,2:44 PM,8/5/2024
895,11:47 AM,4:00 PM,5/17/2024
1093,1:17 AM,3:43 AM,7/19/2024
872,11:00 AM,5:15 PM,7/31/2024
1089,1:26 AM,12:16 AM,4/22/2024
513,4:41 PM,12:14 PM,2/11/2024
831,3:44 PM,9:01 AM,9/28/2024
550,6:21 PM,5:45 AM,11/20/2024
460,2:47 PM,5:22 PM,4/14/2024
467,3:24 AM,12:21 AM,1/5/2024
564,9:03 PM,8:00 PM,1/22/2024
1025,3:55 PM,7:57 AM,7/17/2024
1063,8:28 PM,8:06 PM,4/10/2024
942,12:41 AM,3:56 PM,5/30/2024
623,5:34 PM,11:16 PM,6/28/2024
647,5:08 PM,10:08 PM,6/16/2024
404,8:00 PM,8:02 AM,12/29/2023
761,10:33 PM,4:49 AM,1/25/2024
1091,8:00 PM,4:51 AM,6/6/2024
647,2:20 AM,10:52 AM,3/22/2024
692,8:43 PM,11:03 AM,3/18/2024
1039,9:59 PM,6:10 AM,12/7/2024
493,6:36 AM,4:35 AM,6/17/2024
516,1:51 AM,5:43 PM,4/4/2024
910,12:21 AM,7:44 PM,9/6/2024
1066,12:02 AM,10:35 AM,5/30/2024
641,7:39 PM,8:35 PM,1/4/2024
850,8:12 AM,1:58 AM,7/26/2024
900,4:19 AM,6:54 PM,1/18/2024
1115,6:51 PM,5:12 AM,2/21/2024
901,3:52 PM,12:02 PM,1/16/2024
729,4:13 PM,4:20 PM,6/30/2024
1033,6:35 PM,2:24 AM,12/7/2024
441,5:06 AM,9:28 AM,6/21/2024
515,10:56 AM,4:42 PM,1/14/2024
580,9:14 AM,3:35 PM,5/13/2024
870,7:08 PM,1:21 PM,6/3/2024
409,1:08 PM,2:19 AM,11/3/2024
730,9:19 AM,9:11 PM,6/4/2024
636,1:55 AM,5:19 AM,6/27/2024
525,4:00 AM,6:20 AM,5/15/2024
717,6:10 AM,4:16 AM,9/8/2024
1052,4:12 AM,4:17 AM,4/26/2024
968,3:14 PM,11:44 AM,1/22/2024
994,1:44 AM,8:25 AM,10/21/2024
1064,12:31 PM,6:50 PM,10/9/2024
606,8:05 AM,6:39 AM,5/8/2024
814,2:21 AM,12:48 PM,6/15/2024
417,9:20 AM,8:47 AM,5/21/2024
550,9:05 PM,10:52 PM,9/12/2024
1087,7:10 PM,2:56 PM,3/3/2024
1079,4:13 AM,7:38 PM,8/25/2024
842,11:08 PM,7:47 AM,4/8/2024
893,10:17 PM,4:24 PM,5/23/2024
477,9:10 PM,9:14 AM,4/11/2024
715,1:11 AM,6:50 AM,9/27/2024
541,9:56 PM,6:49 AM,7/13/2024
820,7:41 AM,10:10 PM,7/29/2024
698,3:55 AM,9:24 AM,9/17/2024
523,2:06 AM,12:00 PM,7/21/2024
953,10:31 AM,3:07 PM,5/28/2024
511,1:48 PM,2:26 AM,5/23/2024
570,6:47 AM,2:08 PM,11/13/2024
943,3:05 AM,8:06 PM,7/26/2024
736,8:41 PM,2:51 AM,1/4/2024
1086,5:54 PM,4:57 AM,8/30/2024
1100,6:26 AM,1:10 AM,6/4/2024
978,8:13 AM,9:29 PM,5/4/2024
524,6:30 PM,4:21 AM,4/29/2024
443,4:24 AM,12:17 AM,11/1/2024
522,2:06 AM,8:23 AM,1/13/2024
883,5:31 PM,7:55 AM,7/29/2024
798,9:25 PM,1:44 AM,1/5/2024
476,5:11 AM,4:33 PM,12/8/2024
669,2:26 AM,8:24 PM,8/23/2024
431,12:07 PM,4:16 AM,2/13/2024
440,2:49 AM,1:57 AM,8/1/2024
543,11:26 AM,8:54 PM,7/4/2024
1017,11:14 AM,12:32 PM,10/20/2024
597,12:09 AM,2:37 PM,12/21/2023
815,10:34 AM,6:41 PM,3/22/2024
726,8:48 PM,8:22 AM,8/24/2024
492,11:47 PM,5:20 AM,5/13/2024
424,12:52 PM,10:52 PM,3/23/2024
492,8:57 PM,3:20 PM,11/7/2024
967,10:04 AM,8:24 PM,1/29/2024
832,6:04 PM,3:28 PM,3/17/2024
915,3:02 AM,1:38 PM,7/13/2024
1101,5:14 AM,12:03 AM,8/26/2024
703,3:10 PM,8:22 PM,10/8/2024
545,3:40 PM,4:04 PM,6/3/2024
505,3:59 AM,3:42 AM,1/14/2024
779,8:08 PM,9:36 AM,2/23/2024
432,8:03 PM,1:09 PM,2/14/2024
1049,11:52 AM,7:19 PM,8/7/2024
661,10:06 AM,9:11 AM,3/28/2024
950,9:56 PM,10:50 PM,7/21/2024
725,4:40 PM,7:12 PM,6/11/2024
732,2:02 PM,2:45 AM,2/5/2024
450,11:05 PM,10:30 PM,7/30/2024
695,3:54 AM,7:03 PM,10/16/2024
423,7:35 AM,4:10 AM,6/6/2024
579,9:06 AM,9:28 AM,1/8/2024
1094,10:07 PM,9:23 AM,8/7/2024
813,7:30 PM,3:10 AM,7/8/2024
857,3:19 PM,6:15 AM,8/13/2024
1022,1:46 AM,10:38 AM,12/23/2023
518,4:48 AM,11:20 PM,12/29/2023
903,3:32 AM,2:30 AM,4/17/2024
899,1:35 PM,7:18 PM,9/16/2024
1041,6:25 PM,5:47 AM,11/10/2024
593,10:42 PM,7:10 AM,6/25/2024
919,6:07 AM,8:28 PM,10/30/2024
1119,1:13 AM,5:52 PM,8/10/2024
915,12:37 PM,12:20 AM,5/14/2024
518,6:32 PM,3:20 AM,10/20/2024
851,9:30 AM,6:41 PM,3/31/2024
768,2:29 PM,3:50 PM,11/28/2024
676,7:38 AM,6:58 AM,9/3/2024
713,10:07 AM,2:08 AM,9/16/2024
1066,5:26 PM,7:37 AM,4/4/2024
851,1:27 AM,10:43 PM,3/6/2024
1076,12:51 PM,7:23 PM,12/26/2023
1055,8:56 AM,1:21 AM,5/4/2024
1049,3:16 PM,6:36 AM,11/14/2024
718,7:34 AM,10:59 AM,5/17/2024
848,6:59 AM,4:35 AM,12/11/2024
790,10:58 PM,1:42 AM,6/19/2024
404,11:18 PM,1:30 AM,3/22/2024
508,12:31 PM,8:35 AM,1/21/2024
711,1:36 AM,11:08 PM,5/23/2024
482,6:10 PM,4:48 AM,1/18/2024
582,5:47 AM,2:17 AM,9/12/2024
700,3:40 PM,2:39 AM,2/10/2024
936,12:22 AM,1:17 PM,6/29/2024
595,1:06 AM,2:45 AM,4/10/2024
1083,1:34 AM,3:18 AM,8/24/2024
598,4:04 PM,3:50 PM,8/13/2024
654,11:38 PM,5:45 PM,11/26/2024
861,10:56 PM,7:12 AM,2/29/2024
811,1:18 AM,7:41 AM,1/23/2024
602,10:56 PM,7:05 PM,3/25/2024
877,11:16 AM,9:18 AM,8/9/2024
429,3:14 PM,8:03 AM,5/27/2024
971,8:02 PM,10:39 PM,7/4/2024
641,7:20 PM,4:59 PM,6/13/2024
905,6:24 AM,9:16 AM,3/25/2024
977,12:33 PM,1:27 PM,3/1/2024
637,11:18 PM,12:57 AM,1/8/2024
401,2:00 PM,7:26 PM,8/30/2024
925,6:32 AM,1:30 PM,12/18/2023
688,6:51 AM,10:38 AM,10/9/2024
426,7:46 AM,9:04 PM,10/20/2024
753,12:46 AM,7:22 AM,4/23/2024
703,12:37 PM,6:31 AM,11/14/2024
496,4:59 AM,1:19 AM,4/19/2024
776,7:33 AM,10:04 PM,2/18/2024
497,7:59 AM,12:14 PM,7/25/2024
758,3:34 AM,7:56 PM,12/16/2023
676,4:07 PM,8:12 AM,2/23/2024
744,9:10 PM,1:16 AM,7/4/2024
1012,5:38 AM,1:41 PM,2/8/2024
821,9:37 PM,1:36 PM,5/11/2024
718,12:11 PM,5:46 AM,10/11/2024
491,3:53 PM,1:07 PM,5/19/2024
415,11:19 AM,6:53 AM,1/6/2024
1024,4:42 PM,4:47 AM,9/24/2024
815,12:14 AM,7:15 PM,7/22/2024
530,3:10 PM,1:50 AM,8/3/2024
1100,12:12 PM,5:32 AM,5/20/2024
971,12:16 PM,9:15 AM,12/28/2023
539,5:19 PM,4:17 PM,12/30/2023
1039,3:17 PM,11:45 PM,3/9/2024
737,8:48 AM,2:19 AM,4/12/2024
866,3:05 PM,1:41 AM,9/24/2024
752,4:09 PM,1:44 AM,4/14/2024
555,1:48 AM,1:14 PM,10/10/2024
970,6:21 PM,11:10 AM,7/5/2024
649,4:13 AM,7:39 AM,3/10/2024
829,5:58 PM,12:46 AM,8/27/2024
961,11:21 PM,7:45 PM,6/12/2024
1055,8:52 PM,12:08 PM,9/8/2024
860,3:50 AM,4:44 AM,6/27/2024
1005,10:50 PM,11:13 PM,1/31/2024
939,2:00 AM,7:51 AM,1/12/2024
899,12:39 PM,5:33 PM,8/20/2024
639,7:29 AM,8:00 AM,12/30/2023
1086,4:42 AM,6:10 AM,7/30/2024
981,4:34 PM,9:36 AM,1/30/2024
902,6:25 PM,6:19 PM,6/10/2024
765,5:53 AM,3:55 PM,12/20/2023
698,2:37 AM,10:56 AM,5/18/2024
952,9:17 AM,12:47 PM,9/7/2024
593,1:17 PM,10:18 AM,12/25/2023
1125,2:51 PM,3:05 AM,5/30/2024
437,2:47 AM,11:09 AM,7/27/2024
733,3:04 PM,1:58 AM,7/9/2024
539,7:55 AM,4:06 PM,2/12/2024
889,12:50 AM,3:00 AM,10/24/2024
567,4:25 PM,1:55 PM,7/8/2024
1027,12:40 AM,11:43 PM,12/23/2023
513,5:59 PM,10:48 AM,3/18/2024
603,3:24 PM,12:48 AM,2/25/2024
733,8:27 AM,1:02 AM,11/21/2024
644,12:32 PM,10:33 AM,6/20/2024
640,2:18 PM,11:41 PM,1/16/2024
1063,6:50 PM,10:42 AM,3/27/2024
581,1:00 PM,6:48 AM,7/2/2024
802,10:56 AM,5:57 PM,6/15/2024
1060,11:03 AM,6:26 AM,10/24/2024
692,7:03 AM,4:37 AM,3/31/2024
1119,3:27 PM,5:45 PM,2/27/2024
902,10:44 PM,6:58 AM,1/20/2024
965,9:06 PM,11:00 AM,3/14/2024
902,7:14 AM,2:17 AM,8/21/2024
843,8:11 AM,12:20 AM,8/1/2024
963,5:04 AM,10:26 PM,11/9/2024
694,10:13 AM,6:42 AM,12/14/2023
1073,2:38 PM,11:43 PM,5/22/2024
848,12:03 AM,7:06 PM,6/1/2024
545,4:51 AM,9:56 AM,11/2/2024
401,12:25 AM,2:33 AM,9/15/2024
410,3:15 PM,5:12 AM,2/19/2024
826,4:19 PM,10:18 PM,2/19/2024
784,4:50 AM,9:58 PM,8/30/2024
824,10:16 AM,12:36 AM,5/17/2024
680,3:32 AM,4:18 AM,6/24/2024
940,9:11 PM,5:46 PM,1/22/2024
845,11:20 AM,10:46 PM,6/7/2024
418,5:48 AM,4:27 AM,4/29/2024
458,8:32 PM,6:33 PM,9/8/2024
509,9:48 AM,12:44 AM,8/4/2024
505,8:53 AM,8:22 AM,8/14/2024
507,1:01 PM,5:10 AM,10/1/2024
486,11:55 AM,3:05 AM,12/5/2024
909,6:23 AM,2:55 AM,5/2/2024
946,9:06 PM,12:34 PM,2/20/2024
1058,12:15 AM,3:08 PM,3/5/2024
507,9:59 PM,6:20 PM,6/20/2024
1119,1:36 PM,11:08 AM,7/24/2024
502,10:15 PM,1:09 PM,1/7/2024
816,4:48 PM,2:16 AM,10/28/2024
1044,6:10 PM,11:42 PM,3/11/2024
460,10:22 PM,7:36 AM,9/1/2024
1066,10:59 AM,11:44 AM,3/18/2024
479,5:17 AM,11:53 PM,1/25/2024
439,10:42 PM,6:03 PM,4/16/2024
463,9:53 AM,10:12 AM,11/4/2024
552,7:10 PM,4:50 PM,2/9/2024
689,11:54 PM,5:57 PM,2/12/2024
456,7:54 PM,8:35 AM,10/16/2024
1117,2:30 AM,11:58 PM,5/18/2024
592,6:25 PM,8:43 PM,5/28/2024
576,6:10 PM,8:10 PM,8/27/2024
890,2:08 AM,10:37 PM,2/12/2024
775,5:35 PM,11:34 PM,4/12/2024
986,3:21 AM,9:36 AM,9/18/2024
843,11:02 PM,10:01 PM,12/20/2023
705,4:06 AM,7:07 AM,9/21/2024
981,6:17 PM,3:29 AM,2/17/2024
1067,6:14 PM,6:19 AM,8/28/2024
976,12:40 AM,5:56 AM,7/15/2024
659,11:28 AM,5:08 AM,1/27/2024
681,10:51 PM,2:39 PM,4/9/2024
1089,12:35 PM,8:44 PM,4/27/2024
527,7:08 PM,2:20 PM,1/26/2024
494,5:45 AM,7:24 AM,3/14/2024
505,7:19 PM,8:52 PM,2/23/2024
640,10:27 PM,5:15 PM,6/6/2024
582,11:54 AM,10:10 AM,3/5/2024
980,10:14 PM,6:45 AM,1/14/2024
768,8:23 PM,3:21 AM,5/28/2024
767,6:10 AM,7:05 PM,12/1/2024
699,9:16 PM,11:31 PM,7/13/2024
794,4:08 AM,3:52 PM,3/19/2024
557,1:51 AM,3:32 AM,11/27/2024
1077,5:53 AM,5:05 PM,2/19/2024
942,1:52 AM,12:59 PM,8/11/2024
761,4:53 AM,3:32 AM,8/31/2024
550,3:35 AM,12:55 PM,8/8/2024
807,3:09 AM,7:01 AM,10/4/2024
517,1:26 AM,1:06 PM,1/5/2024
954,2:15 PM,9:12 AM,4/1/2024
881,12:20 PM,11:04 PM,11/28/2024
430,1:39 PM,8:40 AM,5/30/2024
608,12:06 AM,8:54 PM,10/14/2024
435,11:02 AM,12:54 PM,1/15/2024
983,6:15 AM,9:33 PM,12/10/2024
1064,10:21 AM,10:11 AM,6/2/2024
905,9:38 PM,7:31 AM,5/25/2024
476,6:52 AM,1:28 AM,2/2/2024
938,4:56 PM,4:51 PM,2/21/2024
1118,11:28 PM,11:52 PM,10/23/2024
1099,10:43 AM,4:55 AM,9/19/2024
773,4:37 PM,10:24 PM,7/17/2024
418,5:00 AM,8:27 AM,8/24/2024
467,8:40 PM,1:56 AM,1/17/2024
870,6:41 AM,10:11 PM,2/26/2024
1003,8:08 AM,2:52 PM,6/4/2024
811,6:31 AM,4:18 PM,11/22/2024
879,2:25 PM,4:49 AM,5/14/2024
584,8:54 AM,6:26 AM,8/30/2024
471,12:12 PM,8:20 AM,12/22/2023
843,11:01 AM,7:50 PM,10/4/2024
1024,5:51 AM,10:58 PM,6/22/2024
474,3:59 PM,10:52 PM,12/23/2023
496,8:06 AM,2:14 PM,10/2/2024
1023,2:23 AM,3:28 AM,10/20/2024
800,3:52 AM,7:45 PM,1/11/2024
418,7:36 PM,7:29 PM,11/19/2024
613,10:16 AM,12:40 AM,9/9/2024
710,9:32 PM,12:41 PM,6/26/2024
429,11:43 PM,5:45 AM,1/14/2024
626,4:55 PM,4:31 PM,4/14/2024
670,2:23 AM,5:05 PM,11/2/2024
901,8:59 AM,11:21 AM,3/22/2024
1039,8:25 PM,12:45 AM,9/25/2024
455,8:33 AM,2:54 AM,2/3/2024
465,4:32 AM,3:10 PM,10/22/2024
